0.0013583,0.27168
0.0098946,1.4356
0.032531,3.0918
0.072191,4.8403
0.1298,6.6809
0.20627,8.6139
0.30254,10.639
0.41952,12.757
0.55781,14.901
0.71733,17.004
0.89769,19.067
1.0985,21.089
1.3193,23.071
1.5597,25.011
1.8193,26.912
2.0977,28.771
2.3945,30.59
2.7093,32.368
3.0418,34.127
3.3918,35.89
3.7596,37.655
4.145,39.425
4.5481,41.197
4.9689,42.973
5.4076,44.752
5.864,46.534
6.3383,48.32
6.8304,50.109
7.3405,51.901
7.8684,53.697
8.4144,55.496
8.9784,57.298
9.5604,59.104
10.16,60.912
10.779,62.724
11.415,64.54
12.403,67.261
13.963,71.356
16.475,77.52
20.581,86.701
25.147,95.941
30.176,105.23
35.671,114.58
41.635,123.98
48.07,133.42
54.979,142.91
62.363,152.46
70.226,162.05
78.569,171.68
87.395,181.36
96.705,191.06
106.5,200.79
116.78,210.48
127.55,220.1
138.79,229.62
150.51,239.06
162.7,248.41
175.35,257.68
188.46,266.86
202.03,275.98
216.06,285.03
230.53,294.03
245.46,302.99
260.83,311.92
276.65,320.82
292.91,329.71
309.62,338.61
326.78,347.52
344.37,356.41
362.42,365.28
380.9,374.11
399.83,382.9
419.19,391.62
438.99,400.26
459.21,408.81
479.86,417.26
500.94,425.6
522.42,433.83
544.32,441.96
566.62,450.01
589.32,457.99
612.42,465.95
635.91,473.9
659.81,481.88
684.1,489.89
708.8,497.91
733.89,505.98
759.4,514.13
785.31,522.32
811.63,530.51
838.34,537.93
865.39,543.89
892.69,548.43
920.19,551.59
947.81,553.23
975.48,553.35
1003.1,551.96
1030.7,549.69
1036.19395,549.1001293
1041.682005,548.5108331
1047.164169,547.9221104
1052.640449,547.33396
1058.11085,546.7463807
1063.575378,546.1593714
1069.034039,545.5729308
1074.486839,544.9870578
1079.933782,544.4017513
1085.374876,543.8170101
1090.810124,543.232833
1096.239534,542.6492189
1101.663111,542.0661667
1107.080859,541.4836752
1112.492786,540.9017433
1117.898896,540.3203697
1123.299195,539.7395535
1128.693689,539.1592934
1134.082383,538.5795884
1139.465283,538.0004373
1144.842393,537.4218389
1150.213721,536.8437923
1155.579271,536.2662961
1160.939049,535.6893494
1166.29306,535.112951
1171.64131,534.5370998
1176.983804,533.9617947
1182.320547,533.3870346
1187.651546,532.8128183
1192.976806,532.2391449
1198.296331,531.6660131
1203.610128,531.093422
1208.918201,530.5213703
1214.220557,529.9498571
1219.5172,529.3788812
1224.808136,528.8084416
1230.093371,528.2385371
1235.372909,527.6691667
1240.646756,527.1003293
1245.914917,526.5320239
1251.177398,525.9642493
1256.434204,525.3970046
1261.68534,524.8302886
1266.930811,524.2641002
1272.170624,523.6984385
1277.404782,523.1333023
1282.633292,522.5686907
1287.856158,522.0046025
1293.073385,521.4410367
1298.28498,520.8779922
1303.490947,520.3154681
1308.691291,519.7534632
1313.886018,519.1919766
1319.075132,518.6310071
1324.25864,518.0705539
1329.436545,517.5106157
1334.608854,516.9511917
1339.775571,516.3922807
1344.936701,515.8338817
1350.09225,515.2759938
1355.242223,514.7186159
1360.386624,514.161747
1365.525459,513.605386
1370.658733,513.049532
1375.786452,512.494184
1380.908619,511.9393409
1386.02524,511.3850018
1391.136321,510.8311655
1396.241865,510.2778313
1401.341879,509.7249979
1406.436367,509.1726645
1411.525334,508.62083
1416.608785,508.0694935
1421.686725,507.518654
1426.75916,506.9683105
1431.826093,506.4184619
1436.887531,505.8691074
1441.943477,505.3202459
1446.993937,504.7718765
1452.038916,504.2239981
1457.078419,503.6766099
1462.11245,503.1297109
1467.141015,502.5833
1472.164118,502.0373763
1477.181764,501.4919389
1482.193958,500.9469867
1487.200705,500.4025189
1492.20201,499.8585345
1497.197877,499.3150325
1502.188312,498.7720119
1507.173319,498.2294719
1512.152903,497.6874115
1517.127069,497.1458296
1522.095821,496.6047255
1527.059165,496.0640981
1532.017105,495.5239465
1536.969646,494.9842698
1541.916792,494.4450671
1546.858549,493.9063373
1551.79492,493.3680796
1556.725912,492.830293
1561.651528,492.2929767
1566.571773,491.7561297
1571.486652,491.2197511
1576.396169,490.6838399
1581.30033,490.1483952
1586.199139,489.6134162
1591.0926,489.0789019
1595.980719,488.5448514
1600.863499,488.0112638
1605.740945,487.4781382
1610.613063,486.9454737
1615.479856,486.4132693
1620.34133,485.8815243
1625.197488,485.3502376
1630.048336,484.8194085
1634.893878,484.2890359
1639.734118,483.759119
1644.569062,483.229657
1649.398713,482.7006488
1654.223076,482.1720938
1659.042156,481.6439908
1663.855958,481.1163392
1668.664485,480.589138
1673.467742,480.0623862
1678.265734,479.5360832
1683.058465,479.0102279
1687.84594,478.4848195
1692.628163,477.9598571
1697.405139,477.4353399
1702.176871,476.911267
1706.943365,476.3876376
1711.704626,475.8644507
1716.460656,475.3417055
1721.211461,474.8194012
1725.957045,474.2975369
1730.697413,473.7761117
1735.432569,473.2551248
1740.162517,472.7345754
1744.887262,472.2144626
1749.606808,471.6947855
1754.321159,471.1755434
1759.03032,470.6567353
1763.734295,470.1383604
1768.433089,469.620418
1773.126705,469.102907
1777.815149,468.5858268
1782.498423,468.0691765
1787.176533,467.5529553
1791.849484,467.0371622
1796.517278,466.5217966
1801.179921,466.0068575
1805.837417,465.4923442
1810.489769,464.9782558
1815.136983,464.4645915
1819.779063,463.9513505
1824.416012,463.438532
1829.047835,462.9261352
1833.674536,462.4141592
1838.296119,461.9026032
1842.912589,461.3914664
1847.52395,460.8807481
1852.130206,460.3704474
1856.73136,459.8605635
1861.327418,459.3510957
1865.918384,458.842043
1870.50426,458.3334048
1875.085053,457.8251801
1879.660765,457.3173683
1884.231402,456.8099686
1888.796966,456.30298
1893.357463,455.7964019
1897.912896,455.2902335
1902.463269,454.784474
1907.008586,454.2791225
1911.548853,453.7741784
1916.084071,453.2696408
1920.614247,452.7655089
1925.139383,452.2617821
1929.659484,451.7584594
1934.174553,451.2555402
1938.684596,450.7530236
1943.189615,450.2509088
1947.689615,449.7491953
1952.1846,449.247882
1956.674574,448.7469684
1961.159541,448.2464535
1965.639505,447.7463367
1970.114469,447.2466173
1974.584438,446.7472943
1979.049416,446.2483671
1983.509407,445.749835
1987.964414,445.2516972
1992.414442,444.7539528
1996.859495,444.2566013
2001.299576,443.7596417
2005.734689,443.2630735
2010.164838,442.7668957
2014.590028,442.2711078
2019.010262,441.7757089
2023.425544,441.2806983
2027.835877,440.7860753
2032.241266,440.2918391
2036.641715,439.7979889
2041.037228,439.3045242
2045.427807,438.8114441
2049.813458,438.3187478
2054.194183,437.8264348
2058.569988,437.3345041
2062.940875,436.8429552
2067.306848,436.3517873
2071.667912,435.8609996
2076.024069,435.3705915
2080.375325,434.8805622
2084.721682,434.390911
2089.063144,433.9016372
2093.399716,433.4127401
2097.7314,432.9242189
2102.058201,432.4360729
2106.380123,431.9483015
2110.697169,431.4609039
2115.009342,430.9738795
2119.316648,430.4872274
2123.619088,430.0009471
2127.916668,429.5150377
2132.20939,429.0294987
2136.497259,428.5443292
2140.780278,428.0595287
2145.058451,427.5750963
2149.331781,427.0910315
2153.600273,426.6073335
2157.863929,426.1240016
2162.122754,425.6410351
2166.376751,425.1584334
2170.625924,424.6761957
2174.870276,424.1943213
2179.109811,423.7128097
2183.344533,423.2316601
2187.574446,422.7508717
2191.799552,422.270444
2196.019856,421.7903763
2200.235361,421.3106678
2204.44607,420.8313179
2208.651988,420.3523259
2212.853118,419.8736912
2217.049463,419.395413
2221.241028,418.9174908
2225.427814,418.4399237
2229.609827,417.9627113
2233.78707,417.4858527
2237.959545,417.0093473
2242.127258,416.5331946
2246.29021,416.0573937
2250.448407,415.5819441
2254.601851,415.106845
2258.750545,414.6320959
2262.894494,414.157696
2267.0337,413.6836447
2271.168168,413.2099414
2275.2979,412.7365854
2279.422901,412.263576
2283.543173,411.7909127
2287.65872,411.3185947
2291.769546,410.8466213
2295.875653,410.3749921
2299.977047,409.9037062
2304.073729,409.4327631
2308.165703,408.9621621
2312.252973,408.4919026
2316.335542,408.021984
2320.413414,407.5524055
2324.486592,407.0831666
2328.555078,406.6142666
2332.618878,406.145705
2336.677994,405.6774809
2340.732429,405.209594
2344.782187,404.7420434
2348.827271,404.2748285
2352.867684,403.8079488
2356.903431,403.3414037
2360.934514,402.8751924
2364.960936,402.4093143
2368.982701,401.9437689
2372.999812,401.4785555
2377.012273,401.0136735
2381.020087,400.5491223
2385.023257,400.0849013
2389.021786,399.6210098
2393.015678,399.1574472
2397.004936,398.6942129
2400.989563,398.2313063
2404.969563,397.7687268
2408.944939,397.3064738
2412.915694,396.8445466
2416.881831,396.3829447
2420.843354,395.9216675
2424.800265,395.4607143
2428.752569,395.0000845
2432.700268,394.5397776
2436.643366,394.0797929
2440.581865,393.6201298
2444.515769,393.1607878
2448.445082,392.7017662
2452.369806,392.2430644
2456.289944,391.7846819
2460.2055,391.3266181
2464.116478,390.8688723
2468.022879,390.4114439
2471.924708,389.9543324
2475.821967,389.4975372
2479.714659,389.0410577
2483.602789,388.5848933
2487.486358,388.1290434
2491.365371,387.6735075
2495.23983,387.2182849
2499.109738,386.763375
2502.975098,386.3087774
2506.835914,385.8544913
2510.692189,385.4005162
2514.543926,384.9468516
2518.391127,384.4934969
2522.233796,384.0404515
2526.071937,383.5877147
2529.905552,383.1352861
2533.734644,382.6831651
2537.559216,382.2313511
2541.379272,381.7798435
2545.194814,381.3286417
2549.005846,380.8777453
2552.81237,380.4271535
2556.61439,379.976866
2560.411908,379.526882
2564.204928,379.077201
2567.993453,378.6278225
2571.777486,378.1787459
2575.557029,377.7299706
2579.332086,377.2814961
2583.10266,376.8333219
2586.868754,376.3854473
2590.63037,375.9378718
2594.387512,375.4905949
2598.140183,375.0436159
2601.888385,374.5969345
2605.632123,374.1505499
2609.371397,373.7044616
2613.106213,373.2586692
2616.836572,372.813172
2620.562477,372.3679695
2624.283932,371.9230611
2628.000939,371.4784464
2631.713502,371.0341247
2635.421623,370.5900955
2639.125305,370.1463583
2642.824551,369.7029126
2646.519364,369.2597577
2650.209747,368.8168932
2653.895703,368.3743186
2657.577235,367.9320332
2661.254345,367.4900365
2664.927036,367.0483281
2668.595312,366.6069073
2672.259175,366.1657737
2675.918629,365.7249266
2679.573675,365.2843657
2683.224317,364.8440903
2686.870558,364.4041
2690.5124,363.9643941
2694.149846,363.5249722
2697.7829,363.0858337
2701.411564,362.6469782
2705.035841,362.208405
2708.655733,361.7701137
2712.271244,361.3321038
2715.882376,360.8943747
2719.489132,360.4569259
2723.091516,360.0197568
2726.689528,359.5828671
2730.283174,359.1462561
2733.872454,358.7099233
2737.457373,358.2738683
2741.037933,357.8380904
2744.614136,357.4025893
2748.185985,356.9673643
2751.753484,356.532415
2755.316635,356.0977409
2758.87544,355.6633414
2762.429902,355.2292161
2765.980025,354.7953644
2769.525811,354.3617858
2773.067262,353.9284799
2776.604381,353.495446
2780.137172,353.0626838
2783.665636,352.6301927
2787.189776,352.1979722
2790.709596,351.7660219
2794.225098,351.3343411
2797.736284,350.9029294
2801.243157,350.4717864
2804.74572,350.0409115
2808.243976,349.6103042
2811.737927,349.179964
2815.227576,348.7498905
2818.712926,348.3200831
2822.193979,347.8905413
2825.670738,347.4612647
2829.143205,347.0322528
2832.611384,346.603505
2836.075276,346.1750209
2839.534885,345.7468001
2842.990213,345.3188419
2846.441263,344.891146
2849.888037,344.4637118
2853.330538,344.0365388
2856.768768,343.6096266
2860.202731,343.1829748
2863.632429,342.7565827
2867.057864,342.3304499
2870.479039,341.904576
2873.895956,341.4789605
2877.308619,341.0536029
2880.717029,340.6285027
2884.12119,340.2036594
2887.521103,339.7790725
2890.916772,339.3547417
2894.308199,338.9306664
2897.695386,338.5068461
2901.078337,338.0832804
2904.457053,337.6599687
2907.831537,337.2369108
2911.201792,336.8141059
2914.56782,336.3915538
2917.929624,335.9692538
2921.287206,335.5472057
2924.640569,335.1254088
2927.989715,334.7038627
2931.334647,334.282567
2934.675367,333.8615212
2938.011878,333.4407249
2941.344182,333.0201775
2944.672282,332.5998786
2947.996181,332.1798277
2951.31588,331.7600245
2954.631382,331.3404683
2957.94269,330.9211589
2961.249806,330.5020957
2964.552733,330.0832782
2967.851472,329.664706
2971.146027,329.2463787
2974.436401,328.8282958
2977.722594,328.4104568
2981.004611,327.9928613
2984.282452,327.5755089
2987.556122,327.158399
2990.825621,326.7415313
2994.090953,326.3249053
2997.35212,325.9085205
3000.609124,325.4923766
3003.861968,325.0764729
3007.110654,324.6608092
3010.355185,324.245385
3013.595563,323.8301997
3016.83179,323.415253
3020.063869,323.0005445
3023.291802,322.5860736
3026.515591,322.17184
3029.735239,321.7578432
3032.950749,321.3440828
3036.162122,320.9305583
3039.369361,320.5172693
3042.572468,320.1042153
3045.771446,319.691396
3048.966297,319.2788108
3052.157023,318.8664594
3055.343627,318.4543413
3058.52611,318.0424561
3061.704476,317.6308033
3064.878727,317.2193826
3068.048865,316.8081934
3071.214892,316.3972354
3074.37681,315.9865081
3077.534623,315.5760111
3080.688331,315.165744
3083.837938,314.7557063
3086.983446,314.3458976
3090.124857,313.9363175
3093.262173,313.5269656
3096.395397,313.1178414
3099.524531,312.7089445
3102.649577,312.3002746
3105.770537,311.891831
3108.887414,311.4836136
3112.00021,311.0756218
3115.108927,310.6678551
3118.213568,310.2603133
3121.314134,309.8529958
3124.410629,309.4459023
3127.503053,309.0390323
3130.59141,308.6323855
3133.675702,308.2259613
3136.75593,307.8197595
3139.832098,307.4137795
3142.904206,307.0080209
3145.972259,306.6024834
3149.036257,306.1971666
3152.096203,305.79207
3155.152099,305.3871931
3158.203947,304.9825357
3161.25175,304.5780973
3164.29551,304.1738775
3167.335229,303.7698758
3170.370908,303.3660919
3173.402551,302.9625254
3176.43016,302.5591758
3179.453735,302.1560428
3182.473281,301.7531259
3185.488799,301.3504248
3188.50029,300.947939
3191.507758,300.5456682
3194.511204,300.1436119
3197.510631,299.7417697
3200.506041,299.3401412
3203.497435,298.9387261
3206.484816,298.5375239
3209.468186,298.1365343
3212.447547,297.7357568
3215.422902,297.335191
3218.394252,296.9348366
3221.361599,296.5346931
3224.324946,296.1347602
3227.284295,295.7350375
3230.239648,295.3355245
3233.191006,294.9362208
3236.138373,294.5371262
3239.081749,294.1382401
3242.021138,293.7395623
3244.956541,293.3410922
3247.887961,292.9428296
3250.815399,292.544774
3253.738857,292.146925
3256.658338,291.7492823
3259.573843,291.3518454
3262.485375,290.9546141
3265.392936,290.5575878
3268.296528,290.1607662
3271.196152,289.7641489
3274.091812,289.3677356
3276.983508,288.9715258
3279.871243,288.5755191
3282.755019,288.1797153
3285.634838,287.7841139
3288.510702,287.3887145
3291.382613,286.9935167
3294.250573,286.5985202
3297.114584,286.2037246
3299.974648,285.8091294
3302.830767,285.4147345
3305.682943,285.0205392
3308.531178,284.6265433
3311.375475,284.2327465
3314.215834,283.8391482
3317.052258,283.4457482
3319.88475,283.052546
3322.71331,282.6595414
3325.537941,282.2667339
3328.358645,281.8741231
3331.175424,281.4817087
3333.98828,281.0894903
3336.797215,280.6974676
3339.60223,280.3056401
3342.403328,279.9140075
3345.200511,279.5225695
3347.99378,279.1313256
3350.783138,278.7402755
3353.568586,278.3494188
3356.350127,277.9587551
3359.127762,277.5682842
3361.901493,277.1780056
3364.671323,276.787919
3367.437252,276.3980239
3370.199284,276.0083201
3372.957419,275.6188071
3375.711661,275.2294847
3378.46201,274.8403524
3381.208468,274.4514099
3383.951039,274.0626568
3386.689722,273.6740928
3389.424521,273.2857174
3392.155437,272.8975304
3394.882472,272.5095314
3397.605628,272.1217201
3400.324907,271.734096
3403.040311,271.3466588
3405.751841,270.9594081
3408.4595,270.5723437
3411.163289,270.1854651
3413.86321,269.798772
3416.559265,269.412264
3419.251456,269.0259408
3421.939784,268.6398021
3424.624252,268.2538474
3427.304862,267.8680764
3429.981614,267.4824888
3432.654512,267.0970842
3435.323557,266.7118623
3437.98875,266.3268228
3440.650094,265.9419651
3443.30759,265.5572892
3445.96124,265.1727945
3448.611046,264.7884807
3451.25701,264.4043475
3453.899134,264.0203945
3456.537419,263.6366214
3459.171867,263.2530279
3461.80248,262.8696135
3464.42926,262.486378
3467.052208,262.103321
3469.671327,261.7204422
3472.286618,261.3377412
3474.898082,260.9552177
3477.505723,260.5728713
3480.10954,260.1907017
3482.709537,259.8087086
3485.305715,259.4268916
3487.898076,259.0452503
3490.486621,258.6637845
3493.071352,258.2824938
3495.652271,257.9013778
3498.22938,257.5204363
3500.80268,257.1396688
3503.372174,256.7590751
3505.937862,256.3786548
3508.499748,255.9984076
3511.057831,255.6183331
3513.612115,255.2384311
3516.1626,254.858701
3518.709289,254.4791428
3521.252184,254.0997559
3523.791285,253.7205401
3526.326595,253.341495
3528.858116,252.9626204
3531.385848,252.5839158
3533.909795,252.205381
3536.429956,251.8270156
3538.946335,251.4488192
3541.458933,251.0707916
3543.967752,250.6929325
3546.472792,250.3152414
3548.974057,249.9377181
3551.471547,249.5603623
3553.965265,249.1831735
3556.455211,248.8061516
3558.941389,248.4292961
3561.423798,248.0526068
3563.902441,247.6760832
3566.37732,247.2997252
3568.848436,246.9235323
3571.315791,246.5475043
3573.779387,246.1716408
3576.239225,245.7959414
3578.695306,245.420406
3581.147633,245.0450341
3583.596208,244.6698254
3586.04103,244.2947796
3588.482104,243.9198965
3590.919429,243.5451756
3593.353008,243.1706166
3595.782842,242.7962193
3598.208933,242.4219833
3600.631282,242.0479082
3603.049891,241.6739939
3605.464762,241.3002399
3607.875897,240.926646
3610.283296,240.5532118
3612.686961,240.179937
3615.086895,239.8068213
3617.483098,239.4338643
3619.875573,239.0610659
3622.26432,238.6884256
3624.649342,238.3159431
3627.03064,237.9436181
3629.408215,237.5714504
3631.782069,237.1994396
3634.152204,236.8275854
3636.518621,236.4558874
3638.881322,236.0843454
3641.240309,235.7129591
3643.595582,235.3417281
3645.947144,234.9706521
3648.294996,234.5997309
3650.639139,234.2289641
3652.979575,233.8583514
3655.316307,233.4878926
3657.649334,233.1175872
3659.978659,232.747435
3662.304283,232.3774357
3664.626208,232.0075889
3666.944435,231.6378945
3669.258966,231.268352
3671.569803,230.8989612
3673.876946,230.5297217
3676.180398,230.1606333
3678.480159,229.7916956
3680.776232,229.4229084
3683.068618,229.0542713
3685.357318,228.6857841
3687.642334,228.3174464
3689.923668,227.9492579
3692.20132,227.5812184
3694.475292,227.2133275
3696.745587,226.845585
3699.012205,226.4779905
3701.275147,226.1105437
3703.534416,225.7432444
3705.790013,225.3760922
3708.041938,225.0090869
3710.290195,224.6422281
3712.534783,224.2755155
3714.775706,223.9089489
3717.012963,223.542528
3719.246557,223.1762524
3721.476488,222.8101219
3723.70276,222.4441361
3725.925372,222.0782948
3728.144326,221.7125977
3730.359624,221.3470445
3732.571267,220.9816349
3734.779257,220.6163686
3736.983595,220.2512452
3739.184283,219.8862646
3741.381321,219.5214264
3743.574712,219.1567303
3745.764456,218.7921761
3747.950556,218.4277634
3750.133012,218.063492
3752.311826,217.6993615
3754.486999,217.3353717
3756.658534,216.9715223
3758.82643,216.607813
3760.99069,216.2442435
3763.151316,215.8808135
3765.308307,215.5175228
3767.461667,215.1543709
3769.611395,214.7913578
3771.757494,214.428483
3773.899965,214.0657463
3776.03881,213.7031474
3778.174029,213.340686
3780.305624,212.9783619
3782.433596,212.6161746
3784.557948,212.2541241
3786.678679,211.8922099
3788.795792,211.5304318
3790.909288,211.1687895
3793.019169,210.8072827
3795.125434,210.4459112
3797.228087,210.0846746
3799.327128,209.7235727
3801.422559,209.3626052
3803.514381,209.0017718
3805.602595,208.6410723
3807.687203,208.2805063
3809.768206,207.9200735
3811.845605,207.5597738
3813.919402,207.1996068
3815.989597,206.8395722
3818.056193,206.4796697
3820.119191,206.1198992
3822.178592,205.7602602
3824.234397,205.4007526
3826.286607,205.041376
3828.335225,204.6821302
3830.38025,204.3230148
3832.421685,203.9640297
3834.459531,203.6051745
3836.493789,203.246449
3838.524461,202.8878528
3840.551547,202.5293858
3842.575049,202.1710476
3844.594968,201.812838
3846.611306,201.4547567
3848.624064,201.0968034
3850.633243,200.7389778
3852.638844,200.3812797
3854.640869,200.0237088
3856.639318,199.6662648
3858.634194,199.3089475
3860.625498,198.9517566
3862.61323,198.5946917
3864.597392,198.2377528
3866.577985,197.8809394
3868.555011,197.5242512
3870.528471,197.1676882
3872.498365,196.8112499
3874.464696,196.454936
3876.427465,196.0987464
3878.386672,195.7426808
3880.342319,195.3867388
3882.294407,195.0309203
3884.242937,194.6752249
3886.187912,194.3196524
3888.129331,193.9642025
3890.067196,193.608875
3892.001509,193.2536696
3893.93227,192.8985859
3895.859481,192.5436239
3897.783143,192.1887831
3899.703257,191.8340633
3901.619825,191.4794643
3903.532847,191.1249858
3905.442325,190.7706276
3907.34826,190.4163893
3909.250653,190.0622707
3911.149505,189.7082715
3913.044819,189.3543916
3914.936594,189.0006305
3916.824832,188.6469881
3918.709534,188.2934641
3920.590701,187.9400582
3922.468335,187.5867702
3924.342437,187.2335998
3926.213008,186.8805468
3928.080048,186.5276108
3929.94356,186.1747917
3931.803545,185.8220892
3933.660003,185.4695029
3935.512935,185.1170327
3937.362344,184.7646783
3939.208229,184.4124395
3941.050593,184.0603159
3942.889436,183.7083073
3944.724759,183.3564135
3946.556564,183.0046342
3948.384852,182.6529691
3950.209624,182.3014181
3952.030881,181.9499808
3953.848624,181.5986569
3955.662855,181.2474463
3957.473573,180.8963486
3959.280782,180.5453637
3961.084481,180.1944912
3962.884672,179.8437309
3964.681356,179.4930826
3966.474534,179.1425459
3968.264207,178.7921208
3970.050377,178.4418067
3971.833044,178.0916037
3973.612209,177.7415113
3975.387875,177.3915293
3977.16004,177.0416576
3978.928708,176.6918957
3980.693879,176.3422435
3982.455553,175.9927008
3984.213733,175.6432672
3985.968419,175.2939425
3987.719612,174.9447265
3989.467314,174.595619
3991.211525,174.2466196
3992.952247,173.8977281
3994.68948,173.5489443
3996.423226,173.2002679
3998.153486,172.8516987
3999.88026,172.5032364
4001.603551,172.1548808
4003.323358,171.8066317
4005.039684,171.4584887
4006.752528,171.1104516
4008.461893,170.7625202
4010.167779,170.4146943
4011.870187,170.0669736
4013.569119,169.7193578
4015.264575,169.3718467
4016.956556,169.0244401
4018.645064,168.6771376
4020.330099,168.3299392
4022.011663,167.9828444
4023.689756,167.6358532
4025.36438,167.2889651
4027.035536,166.9421801
4028.703224,166.5954978
4030.367446,166.248918
4032.028203,165.9024404
4033.685496,165.5560649
4035.339325,165.2097911
4036.989692,164.8636189
4038.636597,164.5175479
4040.280043,164.171578
4041.920029,163.8257089
4043.556558,163.4799403
4045.189629,163.134272
4046.819243,162.7887039
4048.445403,162.4432355
4050.068108,162.0978668
4051.687361,161.7525974
4053.303161,161.4074271
4054.915509,161.0623557
4056.524408,160.717383
4058.129857,160.3725086
4059.731859,160.0277324
4061.330412,159.6830541
4062.92552,159.3384734
4064.517182,158.9939903
4066.1054,158.6496043
4067.690175,158.3053153
4069.271507,157.961123
4070.849397,157.6170272
4072.423848,157.2730276
4073.994858,156.9291241
4075.56243,156.5853163
4077.126565,156.2416041
4078.687263,155.8979872
4080.244525,155.5544653
4081.798352,155.2110383
4083.348746,154.8677059
4084.895707,154.5244679
4086.439236,154.1813239
4087.979334,153.8382739
4089.516002,153.4953175
4091.04924,153.1524546
4092.579051,152.8096848
4094.105434,152.4670081
4095.628391,152.124424
4097.147923,151.7819324
4098.66403,151.4395331
4100.176714,151.0972258
4101.685975,150.7550103
4103.191815,150.4128863
4104.694233,150.0708537
4106.193232,149.7289121
4107.688812,149.3870615
4109.180973,149.0453014
4110.669718,148.7036318
4112.155046,148.3620523
4113.636959,148.0205628
4115.115458,147.679163
4116.590543,147.3378526
4118.062215,146.9966315
4119.530476,146.6554994
4120.995326,146.3144561
4122.456765,145.9735014
4123.914796,145.632635
4125.369418,145.2918567
4126.820633,144.9511662
4128.268442,144.6105634
4129.712845,144.270048
4131.153843,143.9296198
4132.591438,143.5892786
4134.025629,143.2490241
4135.456418,142.9088561
4136.883806,142.5687743
4138.307794,142.2287786
4139.728382,141.8888688
4141.145572,141.5490445
4142.559363,141.2093056
4143.969758,140.8696518
4145.376757,140.530083
4146.78036,140.1905988
4148.180569,139.8511991
4149.577384,139.5118836
4150.970807,139.1726522
4152.360838,138.8335045
4153.747477,138.4944404
4155.130727,138.1554597
4156.510587,137.816562
4157.887058,137.4777473
4159.260142,137.1390152
4160.629839,136.8003656
4161.99615,136.4617981
4163.359075,136.1233127
4164.718616,135.7849091
4166.074774,135.4465869
4167.427548,135.1083462
4168.776941,134.7701865
4170.122952,134.4321077
4171.465583,134.0941096
4172.804835,133.7561919
4174.140707,133.4183544
4175.473202,133.0805969
4176.80232,132.7429192
4178.128061,132.405321
4179.450426,132.0678022
4180.769417,131.7303624
4182.085034,131.3930016
4183.397277,131.0557194
4184.706148,130.7185157
4186.011648,130.3813902
4187.313776,130.0443428
4188.612535,129.7073731
4189.907924,129.3704809
4191.199945,129.0336662
4192.488598,128.6969285
4193.773884,128.3602678
4195.055803,128.0236838
4196.334358,127.6871762
4197.609547,127.3507449
4198.881373,127.0143896
4200.149835,126.6781102
4201.414935,126.3419063
4202.676674,126.0057779
4203.935051,125.6697246
4205.190068,125.3337463
4206.441726,124.9978427
4207.690025,124.6620136
4208.934967,124.3262588
4210.176551,123.9905781
4211.414779,123.6549713
4212.64965,123.3194381
4213.881168,122.9839783
4215.10933,122.6485918
4216.33414,122.3132783
4217.555596,121.9780375
4218.773701,121.6428694
4219.988454,121.3077736
4221.199856,120.9727499
4222.407909,120.6377982
4223.612612,120.3029182
4224.813968,119.9681096
4226.011975,119.6333724
4227.206635,119.2987062
4228.397949,118.9641109
4229.585918,118.6295863
4230.770541,118.2951321
4231.951821,117.960748
4233.129756,117.626434
4234.30435,117.2921898
4235.4756,116.9580152
4236.64351,116.6239099
4237.808079,116.2898738
4238.969308,115.9559066
4240.127197,115.6220082
4241.281748,115.2881782
4242.432961,114.9544166
4243.580837,114.6207231
4244.725376,114.2870974
4245.866579,113.9535394
4247.004447,113.6200489
4248.13898,113.2866256
4249.270179,112.9532694
4250.398046,112.61998
4251.522579,112.2867572
4252.643781,111.9536008
4253.761652,111.6205106
4254.876191,111.2874864
4255.987402,110.954528
4257.095282,110.6216351
4258.199834,110.2888076
4259.301059,109.9560452
4260.398956,109.6233478
4261.493526,109.2907151
4262.58477,108.9581469
4263.672689,108.6256431
4264.757283,108.2932033
4265.838553,107.9608274
4266.9165,107.6285152
4267.991124,107.2962665
4269.062425,106.9640811
4270.130406,106.6319587
4271.195065,106.2998992
4272.256404,105.9679023
4273.314423,105.6359679
4274.369123,105.3040957
4275.420505,104.9722855
4276.468569,104.6405371
4277.513316,104.3088504
4278.554746,103.977225
4279.592861,103.6456609
4280.62766,103.3141577
4281.659144,102.9827153
4282.687314,102.6513335
4283.712171,102.3200121
4284.733715,101.9887508
4285.751946,101.6575495
4286.766866,101.326408
4287.778475,100.995326
4288.786773,100.6643033
4289.791761,100.3333398
4290.79344,100.0024353
4291.79181,99.67158941
4292.786872,99.34080209
4293.778626,99.01007309
4294.767073,98.6794022
4295.752214,98.34878923
4296.734049,98.01823397
4297.712579,97.68773622
4298.687804,97.35729576
4299.659725,97.0269124
4300.628343,96.69658593
4301.593657,96.36631615
4302.555669,96.03610286
4303.514379,95.70594585
4304.469788,95.37584492
4305.421897,95.04579987
4306.370705,94.71581049
4307.316213,94.38587659
4308.258422,94.05599795
4309.197333,93.72617438
4310.132946,93.39640568
4311.065261,93.06669163
4311.99428,92.73703205
4312.920002,92.40742673
4313.842429,92.07787546
4314.76156,91.74837805
4315.677396,91.41893429
4316.589939,91.08954399
4317.499187,90.76020693
4318.405143,90.43092293
4319.307806,90.10169178
4320.207177,89.77251327
4321.103256,89.44338721
4321.996045,89.1143134
4322.885543,88.78529164
4323.771751,88.45632172
4324.65467,88.12740345
4325.534299,87.79853662
4326.41064,87.46972104
4327.283694,87.14095651
4328.15346,86.81224282
4329.019939,86.48357978
4329.883132,86.15496719
4330.743038,85.82640484
4331.59966,85.49789254
4332.452996,85.16943009
4333.303049,84.8410173
4334.149817,84.51265395
4334.993302,84.18433986
4335.833504,83.85607482
4336.670423,83.52785863
4337.504061,83.1996911
4338.334417,82.87157204
4339.161493,82.54350123
4339.985288,82.21547848
4340.805802,81.8875036
4341.623038,81.55957638
4342.436994,81.23169664
4343.247672,80.90386416
4344.055072,80.57607876
4344.859194,80.24834023
4345.660039,79.92064839
4346.457607,79.59300302
4347.251899,79.26540394
4348.042915,78.93785094
4348.830656,78.61034384
4349.615122,78.28288243
4350.396314,77.95546652
4351.174232,77.6280959
4351.948876,77.3007704
4352.720247,76.97348979
4353.488346,76.6462539
4354.253172,76.31906253
4355.014727,75.99191547
4355.773011,75.66481254
4356.528024,75.33775354
4357.279766,75.01073826
4358.028238,74.68376652
4358.773441,74.35683813
4359.515375,74.02995288
4360.254041,73.70311057
4360.989438,73.37631103
4361.721567,73.04955404
4362.450429,72.72283941
4363.176024,72.39616696
4363.898352,72.06953648
4364.617415,71.74294778
4365.333212,71.41640066
4366.045743,71.08989494
4366.75501,70.76343041
4367.461012,70.43700688
4368.16375,70.11062416
4368.863224,69.78428206
4369.559436,69.45798037
4370.252384,69.13171891
4370.94207,68.80549748
4371.628494,68.47931589
4372.311657,68.15317394
4372.991558,67.82707145
4373.668198,67.50100821
4374.341578,67.17498403
4375.011698,66.84899872
4375.678558,66.52305209
4376.342159,66.19714395
4377.002501,65.8712741
4377.659585,65.54544234
4378.31341,65.21964849
4378.963978,64.89389235
4379.611288,64.56817373
4380.255341,64.24249244
4380.896138,63.91684828
4381.533679,63.59124106
4382.167963,63.26567059
4382.798992,62.94013668
4383.426766,62.61463914
4384.051285,62.28917777
4384.67255,61.96375238
4385.29056,61.63836278
4385.905317,61.31300877
4386.51682,60.98769018
4387.125071,60.66240679
4387.730069,60.33715843
4388.331814,60.0119449
4388.930308,59.686766
4389.52555,59.36162156
4390.11754,59.03651137
4390.70628,58.71143525
4391.291769,58.386393
4391.874008,58.06138444
4392.452997,57.73640937
4393.028736,57.4114676
4393.601226,57.08655894
4394.170467,56.7616832
4394.73646,56.43684019
4395.299204,56.11202971
4395.858701,55.78725159
4396.41495,55.46250562
4396.967951,55.13779162
4397.517705,54.8131094
4398.064213,54.48845877
4398.607475,54.16383953
4399.14749,53.8392515
4399.68426,53.51469449
4400.217784,53.1901683
4400.748063,52.86567275
4401.275098,52.54120765
4401.798888,52.2167728
4402.319433,51.89236802
4402.836735,51.56799312
4403.350793,51.24364791
4403.861608,50.9193322
4404.36918,50.5950458
4404.873509,50.27078852
4405.374596,49.94656017
4405.87244,49.62236057
4406.367043,49.29818951
4406.858404,48.97404682
4407.346524,48.64993231
4407.831403,48.32584578
4408.313041,48.00178706
4408.791439,47.67775594
4409.266596,47.35375224
4409.738514,47.02977577
4410.207192,46.70582634
4410.672631,46.38190377
4411.13483,46.05800787
4411.593791,45.73413844
4412.049513,45.4102953
4412.501997,45.08647826
4412.951243,44.76268714
4413.397251,44.43892174
4413.840021,44.11518187
4414.279554,43.79146736
4414.715851,43.46777801
4415.14891,43.14411362
4415.578733,42.82047403
4416.00532,42.49685903
4416.42867,42.17326844
4416.848785,41.84970207
4417.265664,41.52615973
4417.679308,41.20264125
4418.089717,40.87914642
4418.496891,40.55567506
4418.900831,40.23222698
4419.301536,39.90880201
4419.699007,39.58539994
4420.093244,39.26202059
4420.484247,38.93866378
4420.872017,38.61532932
4421.256554,38.29201702
4421.637858,37.96872669
4422.015929,37.64545815
4422.390767,37.3222112
4422.762373,36.99898567
4423.130747,36.67578137
4423.495889,36.3525981
4423.857799,36.02943569
4424.216478,35.70629394
4424.571925,35.38317268
4424.924141,35.0600717
4425.273126,34.73699083
4425.618881,34.41392988
4425.961405,34.09088867
4426.300699,33.767867
4426.636762,33.44486468
4426.969596,33.12188155
4427.2992,32.7989174
4427.625575,32.47597205
4427.94872,32.15304532
4428.268635,31.83013701
4428.585322,31.50724695
4428.89878,31.18437495
4429.20901,30.86152082
4429.516011,30.53868437
4429.819784,30.21586542
4430.120328,29.89306378
4430.417645,29.57027927
4430.711734,29.2475117
4431.002595,28.92476089
4431.290229,28.60202664
4431.574636,28.27930878
4431.855815,27.95660712
4432.133768,27.63392147
4432.408494,27.31125165
4432.679993,26.98859747
4432.948266,26.66595874
4433.213312,26.34333528
4433.475133,26.02072691
4433.733727,25.69813344
4433.989095,25.37555469
4434.241238,25.05299046
4434.490155,24.73044057
4434.735847,24.40790485
4434.978313,24.08538309
4435.217555,23.76287513
4435.453571,23.44038076
4435.686362,23.11789982
4435.915929,22.7954321
4436.142271,22.47297744
4436.365389,22.15053563
4436.585282,21.8281065
4436.801951,21.50568987
4437.015396,21.18328554
4437.225617,20.86089333
4437.432614,20.53851306
4437.636387,20.21614454
4437.836936,19.89378759
4438.034263,19.57144202
4438.228365,19.24910765
4438.419245,18.92678429
4438.606901,18.60447176
4438.791334,18.28216987
4438.972545,17.95987844
4439.150532,17.63759729
4439.325296,17.31532622
4439.496838,16.99306506
4439.665158,16.67081362
4439.830255,16.34857171
4439.992129,16.02633916
4440.150782,15.70411577
4440.306212,15.38190136
4440.45842,15.05969575
4440.607406,14.73749875
4440.75317,14.41531018
4440.895712,14.09312985
4441.035032,13.77095758
4441.171131,13.44879319
4441.304008,13.12663649
4441.433664,12.80448729
4441.560098,12.48234541
4441.683311,12.16021067
4441.803302,11.83808289
4441.920072,11.51596187
4442.033621,11.19384744
4442.143949,10.8717394
4442.251056,10.54963759
4442.354942,10.2275418
4442.455607,9.905451862
4442.553051,9.583367585
4442.647274,9.261288787
4442.738277,8.939215284
4442.826059,8.61714689
4442.91062,8.295083423
4442.99196,7.973024698
4443.07008,7.65097053
4443.14498,7.328920735
4443.216659,7.00687513
4443.285117,6.684833531
4443.350356,6.362795752
4443.412373,6.04076161
4443.471171,5.718730921
4443.526748,5.396703501
4443.579105,5.074679166
4443.628242,4.752657731
4443.674158,4.430639012
4443.716854,4.108622826
4443.75633,3.786608988
4443.792587,3.464597315
4443.825622,3.142587621
4443.855438,2.820579724
4443.882034,2.498573439
4443.90541,2.176568582
4443.925565,1.854564969
4443.942501,1.532562416
4443.956217,1.210560739
4443.966712,0.888559753
4443.973988,0.566559276
4443.978043,0.244559122
4443.978879,-0.077440891
